gene_i,gene_j,n_shared_tips,pearson,spearman,is_grn_edge,network
AKR1C2,ASIP,62,-0.2896643183260489,0.07783737503462516,False,non_edge
AKR1C2,CGA,36,-0.24474388624129675,-0.03294723294723295,False,non_edge
AKR1C2,CYP11A1,67,-0.327332808918773,0.07929603320296912,False,non_edge
AKR1C2,CYP11B1,60,-0.12267226477478842,0.1627674353987219,False,non_edge
AKR1C2,CYP11B2,61,-0.21059979925869018,0.1641988365943945,False,non_edge
AKR1C2,CYP21A2,56,-0.23078918168317092,0.3110731373889269,False,non_edge
AKR1C2,EDNRB,18,0.03180447512588529,0.4282765737874097,False,non_edge
AKR1C2,ESR2,61,0.2594783932837873,0.2949762030671602,False,non_edge
AKR1C2,FOXD3,63,-0.3235628664620328,0.18010752688172044,False,non_edge
AKR1C2,FSHB,67,-0.2999953687312172,0.13600446963045737,False,non_edge
AKR1C2,GNRH1,60,-0.3434404968897414,0.19044178938594056,False,non_edge
AKR1C2,GNRH2,37,-0.5285268778422646,0.015410146989094355,False,non_edge
AKR1C2,GNRHR,65,-0.33158188495138463,0.18247377622377622,False,non_edge
AKR1C2,GPER1,68,-0.30628779936158673,0.17108829255258234,False,non_edge
AKR1C2,HSD17B11,60,0.021202235370484115,-0.040677966101694926,False,non_edge
AKR1C2,HSD17B12,25,-0.31415325840303115,-0.3246153846153846,False,non_edge
AKR1C2,HSD17B3,65,-0.12431139437162998,0.10541958041958042,False,non_edge
AKR1C2,HSD17B8,41,-0.5143581151715345,-0.09581881533101047,False,non_edge
AKR1C2,KISS1,48,-0.30169740937008666,0.14209726443768997,False,non_edge
AKR1C2,LEF1,44,-0.482907755668117,0.30317124735729384,False,non_edge
AKR1C2,LHB,44,-0.3300568579994097,0.04749823819591261,False,non_edge
AKR1C2,LHCGR,64,-0.32053269828288666,0.11675824175824175,False,non_edge
AKR1C2,MFSD12,38,0.11148799870578106,0.2268300689353321,False,non_edge
AKR1C2,MITF,59,-0.3278609852155379,0.20806545879602575,False,non_edge
AKR1C2,MLANA,56,-0.29516057716367294,0.3044429254955571,False,non_edge
AKR1C2,MRAP2,45,-0.3226586339424977,0.12332015810276678,False,non_edge
AKR1C2,OCA2,38,-0.010239885887409494,-0.24674472042893097,False,non_edge
AKR1C2,POMC,21,-0.20961583054171204,-0.1,False,non_edge
AKR1C2,SHBG,34,-0.347475728885677,-0.04232238349885409,False,non_edge
AKR1C2,SLC24A5,69,-0.32531426259372515,0.1646328096455974,False,non_edge
AKR1C2,SLC45A2,70,-0.3372757087767296,0.12595573440643862,False,non_edge
AKR1C2,SOX10,65,-0.051032330871379886,-0.057298951048951045,False,non_edge
AKR1C2,SRD5A2,42,-0.29423259482899494,0.2629446560246334,False,non_edge
AKR1C2,SRD5A3,38,0.31265418212253515,-0.26994200678411207,False,non_edge
AKR1C2,STS,64,-0.28551627284501835,0.22165750915750915,False,non_edge
AKR1C2,TFAP2A,66,-0.3405478341116714,0.24838743346206035,False,non_edge
AKR1C2,TYRP1,66,-0.22631247639224866,0.2728525206137147,False,non_edge
ASIP,CGA,50,0.06286911182624498,0.4347178871548619,False,non_edge
ASIP,CYP11A1,68,0.5351535656206928,0.6269420162614039,False,non_edge
ASIP,CYP11B1,59,-0.08039407511205017,0.56125073056692,False,non_edge
ASIP,CYP11B2,61,-0.08175789950646951,0.4530936012691697,False,non_edge
ASIP,CYP21A2,54,0.5212559876619587,0.4923575376405564,False,non_edge
ASIP,EDNRB,21,0.5889700178436023,0.6103896103896104,False,non_edge
ASIP,ESR2,70,-0.1988078313952943,0.2577377307322194,False,non_edge
ASIP,FOXD3,69,0.5443100586090887,0.6478991596638655,False,non_edge
ASIP,FSHB,76,0.5310017693985192,0.6563773069036227,False,non_edge
ASIP,GNRH1,69,0.48791744941840376,0.4635001826817684,False,non_edge
ASIP,GNRH2,42,0.816344502159162,0.5473624503686898,False,non_edge
ASIP,GNRHR,74,0.5555009442387068,0.6236653091447611,False,non_edge
ASIP,GPER1,73,0.5400478490458732,0.6286560533135878,False,non_edge
ASIP,HSD17B11,68,-0.171134585244979,0.361682635416269,False,non_edge
ASIP,HSD17B12,38,0.5703108046102597,0.4863770653244337,False,non_edge
ASIP,HSD17B3,73,-0.025183138705934156,0.4555103048253734,False,non_edge
ASIP,HSD17B8,47,0.8189900144392499,0.5102913968547641,False,non_edge
ASIP,KISS1,57,0.4771736390244219,0.5141949701840809,False,non_edge
ASIP,LEF1,47,0.5487035966133863,0.6470860314523589,False,non_edge
ASIP,LHB,50,0.2103303822743793,0.3441536614645858,False,non_edge
ASIP,LHCGR,72,0.6150766855145,0.6681780178789634,False,non_edge
ASIP,MFSD12,45,-0.17788604066828906,0.5061923583662714,False,non_edge
ASIP,MITF,68,0.5592561635595984,0.7379470931786081,False,non_edge
ASIP,MLANA,64,0.5448245255579117,0.7006410256410256,False,non_edge
ASIP,MRAP2,48,0.43656324573008043,0.6381893182805037,False,non_edge
ASIP,OCA2,46,-0.5984481993780018,0.06173296330558124,False,non_edge
ASIP,POMC,32,0.4214613210325523,0.6103372434017595,False,non_edge
ASIP,SHBG,45,0.381791723774143,0.6405797101449274,False,non_edge
ASIP,SLC24A5,79,0.5274151783892638,0.6164800389483934,False,non_edge
ASIP,SLC45A2,76,0.26247909869999475,0.6361449077238551,False,non_edge
ASIP,SOX10,75,-0.3230260424829035,0.2537126600284495,False,non_edge
ASIP,SRD5A2,48,0.45210763652378,0.6412288319583153,False,non_edge
ASIP,SRD5A3,52,0.0506521511299374,-0.2004610262101938,False,non_edge
ASIP,STS,75,0.5106283797726116,0.6798577524893314,False,non_edge
ASIP,TFAP2A,71,0.4581555068119073,0.47320590207914154,False,non_edge
ASIP,TYRP1,75,0.5089636839118183,0.6348790896159318,False,non_edge
CGA,CYP11A1,46,0.5534288788249583,0.8380511871723713,False,non_edge
CGA,CYP11B1,38,-0.10031921014927928,0.5176715176715176,False,non_edge
CGA,CYP11B2,40,-0.08288119397134726,0.5752345215759851,False,non_edge
CGA,CYP21A2,29,0.6271489303368795,0.7561576354679801,False,non_edge
CGA,EDNRB,21,0.06930282442897134,0.5181818181818182,False,non_edge
CGA,ESR2,50,-0.29354972469497603,-0.11894357743097239,False,non_edge
CGA,FOXD3,50,0.25450113266584606,0.6462905162064825,False,non_edge
CGA,FSHB,56,0.2490652848563293,0.636842105263158,False,non_edge
CGA,GNRH1,56,0.47500411429470624,0.7380724538619275,False,non_edge
CGA,GNRH2,33,0.38571369201712963,0.7710561497326204,False,non_edge
CGA,GNRHR,54,0.27634239405868904,0.6699066133028396,False,non_edge
CGA,GPER1,51,0.2609483690900249,0.6506787330316742,False,non_edge
CGA,HSD17B11,51,-0.2558685908491973,0.19366515837104073,False,non_edge
CGA,HSD17B12,22,-0.7291765130908328,-0.5166572557876906,False,non_edge
CGA,HSD17B3,51,-0.10944577368482665,0.22977375565610858,False,non_edge
CGA,HSD17B8,32,0.44897085415094024,0.8196480938416422,False,non_edge
CGA,KISS1,52,0.5329337731112894,0.8204559036967471,False,non_edge
CGA,LEF1,37,0.48391509238025116,0.8112849691797059,False,non_edge
CGA,LHB,35,0.6120536065588157,0.596358543417367,False,non_edge
CGA,LHCGR,55,0.25628353582403174,0.6351370851370852,False,non_edge
CGA,MFSD12,29,-0.0748236858257296,0.3837438423645319,False,non_edge
CGA,MITF,49,0.24139421652321677,0.6197959183673468,False,non_edge
CGA,MLANA,49,0.21060914006944215,0.5866326530612245,False,non_edge
CGA,MRAP2,41,0.3094704485487378,0.6827526132404182,False,non_edge
CGA,OCA2,29,-0.35624617537057723,-0.0817733990147783,False,non_edge
CGA,POMC,31,0.39930516139737315,0.6290322580645162,False,non_edge
CGA,SHBG,46,0.4219898093705465,0.6168979340117174,False,non_edge
CGA,SLC24A5,56,0.37395237144235705,0.721326042378674,False,non_edge
CGA,SLC45A2,54,0.03416788560842536,0.5663807890222984,False,non_edge
CGA,SOX10,54,-0.11086097897864884,0.2630455498380026,False,non_edge
CGA,SRD5A2,39,0.10387388809522305,0.4917004048582996,False,non_edge
CGA,SRD5A3,34,0.3250478459180222,0.27211611917494266,False,non_edge
CGA,STS,55,0.25529831689522947,0.5520923520923522,False,non_edge
CGA,TFAP2A,50,0.5040102082745588,0.7939015606242497,False,non_edge
CGA,TYRP1,54,0.251074464772766,0.6494758909853249,False,non_edge
CYP11A1,CYP11B1,69,-0.09652898238605025,0.5556448666423092,False,non_edge
CYP11A1,CYP11B2,71,-0.000624898498266262,0.6025821596244131,False,non_edge
CYP11A1,CYP21A2,66,0.7806260663130793,0.6701805657029539,False,non_edge
CYP11A1,EDNRB,25,0.962086262465922,0.9146153846153846,False,non_edge
CYP11A1,ESR2,73,-0.4693078062083863,0.23957176354436632,False,non_edge
CYP11A1,FOXD3,76,0.9937637803312493,0.8707587149692413,False,non_edge
CYP11A1,FSHB,83,0.9861479818434414,0.8539733848285126,False,non_edge
CYP11A1,GNRH1,75,0.8660135114494958,0.6857467994310099,False,non_edge
CYP11A1,GNRH2,45,0.9960406210723785,0.892885375494071,False,non_edge
CYP11A1,GNRHR,80,0.9910659650072876,0.8691748710736054,False,non_edge
CYP11A1,GPER1,79,0.9909244014647547,0.8713485881207401,False,non_edge
CYP11A1,HSD17B11,74,-0.4373048910494513,0.34400592373195105,False,non_edge
CYP11A1,HSD17B12,30,0.7316806329585652,0.4901001112347052,False,non_edge
CYP11A1,HSD17B3,74,-0.17441119856629583,0.5202073306182895,False,non_edge
CYP11A1,HSD17B8,48,0.9978796049766148,0.9121797655232305,False,non_edge
CYP11A1,KISS1,55,0.949088881739774,0.8661616161616164,False,non_edge
CYP11A1,LEF1,53,0.9956021636413998,0.8989679084018707,False,non_edge
CYP11A1,LHB,53,0.5368469570437827,0.3605063699403322,False,non_edge
CYP11A1,LHCGR,77,0.9739150149286049,0.8907145486092853,False,non_edge
CYP11A1,MFSD12,43,-0.29845428783036293,0.4172455451525219,False,non_edge
CYP11A1,MITF,73,0.9791422683790616,0.8174441564852524,False,non_edge
CYP11A1,MLANA,68,0.9640270904544594,0.8078405924342481,False,non_edge
CYP11A1,MRAP2,55,0.9954426718980113,0.9229437229437232,False,non_edge
CYP11A1,OCA2,44,-0.5422571308245832,0.17646229739252992,False,non_edge
CYP11A1,POMC,27,0.3273676089998575,0.6343101343101343,False,non_edge
CYP11A1,SHBG,40,0.996820171586155,0.9647279549718575,False,non_edge
CYP11A1,SLC24A5,83,0.9572506512923933,0.8154779396330968,False,non_edge
CYP11A1,SLC45A2,81,0.40690925616183443,0.8059620596205962,False,non_edge
CYP11A1,SOX10,78,-0.46972158078322473,0.36564701121663146,False,non_edge
CYP11A1,SRD5A2,51,0.9956194310818332,0.9043438914027149,False,non_edge
CYP11A1,SRD5A3,45,-0.1659039813846812,0.1266139657444005,False,non_edge
CYP11A1,STS,78,0.8635592428053842,0.7759708645784595,False,non_edge
CYP11A1,TFAP2A,77,0.9565924713575237,0.7951522162048477,False,non_edge
CYP11A1,TYRP1,79,0.9922687744201396,0.8801606621226875,False,non_edge
CYP11B1,CYP11B2,71,0.98285566817372,0.7502347417840374,False,non_edge
CYP11B1,CYP21A2,58,0.0931840916088649,0.6567719708388448,False,non_edge
CYP11B1,EDNRB,21,-0.08542339451255479,0.5103896103896104,False,non_edge
CYP11B1,ESR2,64,-0.14361194524480084,-0.01909340659340659,False,non_edge
CYP11B1,FOXD3,65,-0.10062609337933946,0.5882867132867133,False,non_edge
CYP11B1,FSHB,70,-0.14513565491982827,0.5505555069547721,False,non_edge
CYP11B1,GNRH1,66,-0.16808846151181137,0.38774658177643256,False,non_edge
CYP11B1,GNRH2,37,-0.08158856098455973,0.6356092935040303,False,non_edge
CYP11B1,GNRHR,68,-0.08943707516466938,0.581440622972096,False,non_edge
CYP11B1,GPER1,69,-0.10051342830798356,0.61439532334673,False,non_edge
CYP11B1,HSD17B11,67,-0.1484655361984188,0.1547210471705643,False,non_edge
CYP11B1,HSD17B12,27,0.535871809681976,0.33821733821733824,False,non_edge
CYP11B1,HSD17B3,66,-0.07369050432887646,0.4109174407681871,False,non_edge
CYP11B1,HSD17B8,38,-0.12941325316057642,0.46558704453441296,False,non_edge
CYP11B1,KISS1,48,-0.10692116422524171,0.5105297438124186,False,non_edge
CYP11B1,LEF1,42,-0.11996677231322693,0.6001944737055345,False,non_edge
CYP11B1,LHB,48,0.22416635780039498,0.41315675206252717,False,non_edge
CYP11B1,LHCGR,65,-0.09376573640803874,0.5583479020979021,False,non_edge
CYP11B1,MFSD12,37,-0.05619813646027619,0.5647226173541963,False,non_edge
CYP11B1,MITF,63,-0.10051986533799699,0.6155913978494625,False,non_edge
CYP11B1,MLANA,58,0.06001345050620784,0.7337967947337661,False,non_edge
CYP11B1,MRAP2,46,-0.09098834810724053,0.5494295405488745,False,non_edge
CYP11B1,OCA2,42,-0.5086568737475707,0.08889068957134755,False,non_edge
CYP11B1,POMC,25,0.22503284631110707,0.30846153846153845,False,non_edge
CYP11B1,SHBG,34,-0.13986509611313994,0.5135217723453017,False,non_edge
CYP11B1,SLC24A5,73,-0.15413111760016107,0.4940145625077133,False,non_edge
CYP11B1,SLC45A2,71,-0.10257778162819346,0.580449362843729,False,non_edge
CYP11B1,SOX10,67,-0.19498111176609817,0.23277995051480566,False,non_edge
CYP11B1,SRD5A2,43,0.005196699248411346,0.7216852914527333,False,non_edge
CYP11B1,SRD5A3,39,-0.25886953417862374,-0.2520242914979757,False,non_edge
CYP11B1,STS,67,-0.10710952082847425,0.5355974139995212,False,non_edge
CYP11B1,TFAP2A,68,-0.12346532468621997,0.5232660228270412,False,non_edge
CYP11B1,TYRP1,71,-0.13392466671115005,0.5949027498323273,False,non_edge
CYP11B2,CYP21A2,59,0.31515760310478985,0.5773816481589714,False,non_edge
CYP11B2,EDNRB,23,0.7725980420562764,0.7796442687747036,False,non_edge
CYP11B2,ESR2,66,-0.16267951145069645,-0.04640434192672999,False,non_edge
CYP11B2,FOXD3,66,-0.01288677141056185,0.6147792506001462,False,non_edge
CYP11B2,FSHB,72,-0.14295757718127755,0.5525114155251142,False,non_edge
CYP11B2,GNRH1,68,-0.14612707161379437,0.5016604954765813,False,non_edge
CYP11B2,GNRH2,39,-0.07883288199818246,0.5463562753036437,False,non_edge
CYP11B2,GNRHR,70,-0.004265371718399012,0.61840608870615,False,non_edge
CYP11B2,GPER1,70,-0.009368039187994925,0.6228501443443268,False,non_edge
CYP11B2,HSD17B11,69,-0.3686206723363291,0.03880160759956157,False,non_edge
CYP11B2,HSD17B12,30,0.6591260578661339,0.37486095661846497,False,non_edge
CYP11B2,HSD17B3,68,-0.07244539899696666,0.4155055922433866,False,non_edge
CYP11B2,HSD17B8,41,-0.10843080875406548,0.55801393728223,False,non_edge
CYP11B2,KISS1,49,-0.006314000282998181,0.5924489795918367,False,non_edge
CYP11B2,LEF1,43,-0.06518967247422293,0.6786469344608881,False,non_edge
CYP11B2,LHB,52,0.2560423726474674,0.5161786049688379,False,non_edge
CYP11B2,LHCGR,68,-0.004377512370937768,0.6253387792495323,False,non_edge
CYP11B2,MFSD12,39,-0.2835090228553232,0.29473684210526313,False,non_edge
CYP11B2,MITF,65,-0.019313511407960185,0.5903846153846154,False,non_edge
CYP11B2,MLANA,60,0.7996357371653917,0.6499027507641012,False,non_edge
CYP11B2,MRAP2,47,0.0051340633289095544,0.6981961147086032,False,non_edge
CYP11B2,OCA2,44,-0.4389574616782159,0.10443974630021141,False,non_edge
CYP11B2,POMC,23,-0.20177824606115038,0.32411067193675897,False,non_edge
CYP11B2,SHBG,35,-0.056477023605631456,0.577310924369748,False,non_edge
CYP11B2,SLC24A5,75,-0.14838463203473412,0.5310099573257467,False,non_edge
CYP11B2,SLC45A2,72,-0.016868093786309324,0.6321628400540228,False,non_edge
CYP11B2,SOX10,70,-0.17490491105186767,0.27229463738955473,False,non_edge
CYP11B2,SRD5A2,44,0.8609569327581634,0.7092318534178998,False,non_edge
CYP11B2,SRD5A3,41,-0.22947664504052157,-0.20278745644599308,False,non_edge
CYP11B2,STS,69,-0.013598494529291284,0.6240043843624407,False,non_edge
CYP11B2,TFAP2A,70,-0.041385030739284005,0.5602484472049689,False,non_edge
CYP11B2,TYRP1,73,-0.04097502076853886,0.615142539800074,False,non_edge
CYP21A2,EDNRB,20,0.6675563966485999,0.6781954887218045,False,non_edge
CYP21A2,ESR2,63,-0.3887034080318885,0.04195468509984639,False,non_edge
CYP21A2,FOXD3,60,0.794033092479103,0.7345373714920813,False,non_edge
CYP21A2,FSHB,66,0.7606257658258215,0.6836655881432002,False,non_edge
CYP21A2,GNRH1,60,0.7392906266181691,0.6829119199777718,False,non_edge
CYP21A2,GNRH2,33,0.7133557761484272,0.6356951871657754,False,non_edge
CYP21A2,GNRHR,65,0.771373215641055,0.651486013986014,False,non_edge
CYP21A2,GPER1,65,0.8123270486763045,0.7250437062937063,False,non_edge
CYP21A2,HSD17B11,61,-0.48077343563124086,0.2008989952406134,False,non_edge
CYP21A2,HSD17B12,28,0.1500468412282864,0.4603174603174603,False,non_edge
CYP21A2,HSD17B3,63,-0.2966054666575104,0.4167146697388633,False,non_edge
CYP21A2,HSD17B8,34,0.7294888949432509,0.7240641711229946,False,non_edge
CYP21A2,KISS1,40,0.7947342537423778,0.7598499061913697,False,non_edge
CYP21A2,LEF1,41,0.8245436013765952,0.7472125435540071,False,non_edge
CYP21A2,LHB,43,0.7824107323321287,0.6411960132890365,False,non_edge
CYP21A2,LHCGR,61,0.7696128135915431,0.7234267583289264,False,non_edge
CYP21A2,MFSD12,37,-0.29710897584690016,0.5035561877667141,False,non_edge
CYP21A2,MITF,60,0.7447823363547114,0.6456793553764936,False,non_edge
CYP21A2,MLANA,54,0.8394231103949358,0.8354107108824089,False,non_edge
CYP21A2,MRAP2,43,0.9056645894988293,0.8369072787677437,False,non_edge
CYP21A2,OCA2,37,-0.3722269528286782,0.20293978188715028,False,non_edge
CYP21A2,POMC,24,0.27713500327953483,0.4991304347826086,False,non_edge
CYP21A2,SHBG,26,0.7057878755712708,0.7107692307692307,False,non_edge
CYP21A2,SLC24A5,69,0.8154040212938233,0.6818779685787358,False,non_edge
CYP21A2,SLC45A2,68,0.20006064179134972,0.6287361148223078,False,non_edge
CYP21A2,SOX10,65,-0.34703189616257696,0.3840472027972028,False,non_edge
CYP21A2,SRD5A2,41,0.8019040903970502,0.7564459930313591,False,non_edge
CYP21A2,SRD5A3,38,-0.07384014688753708,0.044096728307254626,False,non_edge
CYP21A2,STS,64,0.6327469203342713,0.6061813186813186,False,non_edge
CYP21A2,TFAP2A,63,0.8228608839766166,0.7737135176651305,False,non_edge
CYP21A2,TYRP1,66,0.7666596272303623,0.7298403089447866,False,non_edge
EDNRB,ESR2,28,-0.32068748188913876,0.40886699507389157,False,non_edge
EDNRB,FOXD3,32,0.946318728145522,0.9233870967741934,False,non_edge
EDNRB,FSHB,33,0.9326016937357093,0.8419117647058824,False,non_edge
EDNRB,GNRH1,33,0.7839621140623001,0.6122994652406418,False,non_edge
EDNRB,GNRH2,15,0.9567788851746347,0.9428571428571427,False,non_edge
EDNRB,GNRHR,33,0.9561476529575923,0.8796791443850268,False,non_edge
EDNRB,GPER1,32,0.9491203759205837,0.8709677419354838,False,non_edge
EDNRB,HSD17B11,33,-0.5140995365069861,0.31316844919786097,False,non_edge
EDNRB,HSD17B3,28,-0.3298274706475629,0.32676518883415434,False,non_edge
EDNRB,KISS1,25,0.6668371979902802,0.6076923076923076,False,non_edge
EDNRB,KIT,15,0.9125101500613229,0.9107142857142855,False,non_edge
EDNRB,LEF1,19,0.9618812168644292,0.887719298245614,False,non_edge
EDNRB,LHB,19,0.37145903735929614,0.2596491228070175,False,non_edge
EDNRB,LHCGR,32,0.9225920952452219,0.8951612903225805,False,non_edge
EDNRB,MFSD12,18,-0.7028839165278458,0.027863777089783277,False,non_edge
EDNRB,MITF,28,0.9534496232970758,0.920087575259989,True,core
EDNRB,MLANA,29,0.9562006876451714,0.8847290640394087,False,non_edge
EDNRB,MRAP2,23,0.9664820502861069,0.8764822134387351,False,non_edge
EDNRB,OCA2,20,0.9071848924624475,0.7954887218045112,False,non_edge
EDNRB,POMC,21,-0.1991976927444476,0.28181818181818186,False,non_edge
EDNRB,SHBG,20,0.45356940731535694,0.8225563909774435,False,non_edge
EDNRB,SLC24A5,33,0.8408895743156571,0.7383021390374332,False,non_edge
EDNRB,SLC45A2,32,0.9507449680415994,0.8852639296187683,False,non_edge
EDNRB,SOX10,32,-0.21347611878531583,0.6121700879765395,False,non_edge
EDNRB,SRD5A2,24,0.9277506083128795,0.8678260869565216,False,non_edge
EDNRB,SRD5A3,17,-0.46134027366856867,-0.12254901960784316,False,non_edge
EDNRB,STS,29,0.8138273562011166,0.7901477832512314,False,non_edge
EDNRB,TFAP2A,29,0.7772667822054423,0.692118226600985,False,non_edge
EDNRB,TYRP1,33,0.9484920038052117,0.8646390374331552,False,non_edge
ESR2,FOXD3,77,-0.49681938683714755,0.2289815447710184,False,non_edge
ESR2,FSHB,84,-0.468733104930898,0.31718133036347074,False,non_edge
ESR2,GNRH1,78,-0.35011005610575713,0.1483453255605154,False,non_edge
ESR2,GNRH2,41,-0.526657226465367,0.04930313588850175,False,non_edge
ESR2,GNRHR,83,-0.42365315775879653,0.3213341169556273,False,non_edge
ESR2,GPER1,82,-0.47810216377628584,0.24145361935547066,False,non_edge
ESR2,HSD17B11,78,0.1451509172589721,0.0938681571592964,False,non_edge
ESR2,HSD17B12,40,0.40393940162384934,0.4136960600375235,False,non_edge
ESR2,HSD17B3,80,-0.13059445001205178,0.13534927332395688,False,non_edge
ESR2,HSD17B8,43,-0.4966370821155902,0.047115675022651765,False,non_edge
ESR2,KISS1,59,-0.4416517640433229,0.13459964932787843,False,non_edge
ESR2,KIT,17,0.9542558828128904,0.7769607843137256,False,non_edge
ESR2,LEF1,51,-0.4524753302126648,0.19285067873303163,False,non_edge
ESR2,LHB,55,-0.46799695328771795,-0.3240981240981241,False,non_edge
ESR2,LHCGR,79,-0.43505356141089985,0.24600778967867581,False,non_edge
ESR2,MFSD12,48,-0.17120544789034445,0.1739036039947894,False,non_edge
ESR2,MITF,78,-0.4696602045610988,0.32973355758165884,False,non_edge
ESR2,MLANA,71,-0.5115247061821939,0.21784037558685443,False,non_edge
ESR2,MRAP2,55,-0.4264569119878564,0.19357864357864363,False,non_edge
ESR2,OCA2,50,0.268795529457267,0.1896278511404562,False,non_edge
ESR2,POMC,35,-0.24258346314484266,0.32184873949579834,False,non_edge
ESR2,SHBG,46,-0.39284796066112754,0.32124576009867406,False,non_edge
ESR2,SLC24A5,86,-0.454388119942299,0.2063021840652861,False,non_edge
ESR2,SLC45A2,85,-0.3132365676087097,0.19351182333398476,False,non_edge
ESR2,SOX10,83,-0.02772294259538484,-0.018135258805255867,False,non_edge
ESR2,SRD5A2,53,-0.37580873469161363,0.3935655539429125,False,non_edge
ESR2,SRD5A3,53,-0.02451347708982672,-0.04233188195452346,False,non_edge
ESR2,STS,82,-0.3058204622154889,0.3446958565971202,False,non_edge
ESR2,TFAP2A,78,-0.4935974869224835,0.10211307679662109,False,non_edge
ESR2,TYRP1,85,-0.40017383970411724,0.3346882939222201,False,non_edge
FOXD3,FSHB,86,0.9834266756823004,0.8745789895749799,False,non_edge
FOXD3,GNRH1,79,0.8380080696401329,0.698344693281402,False,non_edge
FOXD3,GNRH2,44,0.9980913705655816,0.9078224101479914,False,non_edge
FOXD3,GNRHR,85,0.9909166335331706,0.8694156732460426,False,non_edge
FOXD3,GPER1,85,0.9925376258965565,0.9234121555598983,False,non_edge
FOXD3,HSD17B11,78,-0.4653609524278151,0.3883837681306036,False,non_edge
FOXD3,HSD17B12,37,0.7823583287814299,0.6235182550972025,False,non_edge
FOXD3,HSD17B3,78,-0.024965628711724593,0.5929639980272892,False,non_edge
FOXD3,HSD17B8,45,0.9982937969120139,0.9346508563899866,False,non_edge
FOXD3,KISS1,57,0.8789051533722245,0.8161135597614727,False,non_edge
FOXD3,KIT,15,0.9969090034889087,0.9785714285714284,False,non_edge
FOXD3,LEF1,53,0.9974315961051772,0.9451701338493791,False,non_edge
FOXD3,LHB,55,0.4741610803645969,0.36212121212121223,False,non_edge
FOXD3,LHCGR,80,0.9712366786172252,0.8842944210032818,False,non_edge
FOXD3,MFSD12,49,-0.28007088842044064,0.5678571428571427,False,non_edge
FOXD3,MITF,77,0.9803263157364923,0.8838792786161207,False,non_edge
FOXD3,MLANA,72,0.9666150342874761,0.9207987651939034,False,non_edge
FOXD3,MRAP2,57,0.9965525299132131,0.9225434275343531,False,non_edge
FOXD3,OCA2,50,-0.5001346568287008,0.2672268907563025,False,non_edge
FOXD3,POMC,33,0.26597045558992444,0.6547459893048129,False,non_edge
FOXD3,SHBG,44,0.7502464249660608,0.9329105003523607,False,non_edge
FOXD3,SLC24A5,86,0.9567923429266898,0.814840322656729,False,non_edge
FOXD3,SLC45A2,85,0.9851319749269591,0.8471760797342193,False,non_edge
FOXD3,SOX10,84,-0.4785570725708489,0.44584387972056294,False,non_edge
FOXD3,SRD5A2,57,0.9958710194322133,0.9113948664765362,False,non_edge
FOXD3,SRD5A3,51,-0.23322149861540598,-0.013303167420814478,False,non_edge
FOXD3,STS,81,0.8505449605994204,0.7967705510388438,False,non_edge
FOXD3,TFAP2A,79,0.9034078842841357,0.8323515092502435,False,non_edge
FOXD3,TYRP1,83,0.9941274306680086,0.9059863145963645,False,non_edge
FSHB,GNRH1,87,0.8526322914598642,0.6962710505212509,False,non_edge
FSHB,GNRH2,48,0.990978674380634,0.8412939643942682,False,non_edge
FSHB,GNRHR,91,0.9785094399155685,0.8338907469342253,False,non_edge
FSHB,GPER1,89,0.9840449766335413,0.860895471569629,False,non_edge
FSHB,HSD17B11,85,-0.4053807112109214,0.3931600547195622,False,non_edge
FSHB,HSD17B12,41,0.7501642966721793,0.5646341463414636,False,non_edge
FSHB,HSD17B3,86,-0.1370323797257401,0.4450115571489221,False,non_edge
FSHB,HSD17B8,50,0.9887499248290398,0.7739255702280912,False,non_edge
FSHB,KISS1,64,0.8769709523592044,0.7751831501831501,False,non_edge
FSHB,KIT,17,0.9646367558824558,0.8651960784313727,False,non_edge
FSHB,LEF1,58,0.9867551176367079,0.8450275308376143,False,non_edge
FSHB,LHB,61,0.42929573886099215,0.29439450026441033,False,non_edge
FSHB,LHCGR,88,0.9600469143951607,0.8067697509774227,False,non_edge
FSHB,MFSD12,52,-0.25595278708477426,0.5634764791257576,False,non_edge
FSHB,MITF,84,0.9725563793215515,0.8128784043737977,False,non_edge
FSHB,MLANA,78,0.9679363523128619,0.8478483541774681,False,non_edge
FSHB,MRAP2,62,0.9874986731843125,0.8585782276950971,False,non_edge
FSHB,OCA2,54,-0.49197126777001776,0.3016199733180865,False,non_edge
FSHB,POMC,38,0.3388456508839694,0.7214137214137214,False,non_edge
FSHB,SHBG,50,0.7745960361014856,0.8888835534213685,False,non_edge
FSHB,SLC24A5,95,0.9534108071749255,0.8074188129899217,False,non_edge
FSHB,SLC45A2,92,0.4161574393858455,0.7930582741241927,False,non_edge
FSHB,SOX10,89,-0.47140410270284583,0.360146407899217,False,non_edge
FSHB,SRD5A2,59,0.9869107415285162,0.8589713617767389,False,non_edge
FSHB,SRD5A3,56,-0.20177598576100364,0.009911141490088858,False,non_edge
FSHB,STS,89,0.8423089477586865,0.8003234593122235,False,non_edge
FSHB,TFAP2A,86,0.8875514126661083,0.7063069012689277,False,non_edge
FSHB,TYRP1,90,0.9830771060117938,0.8689220891468081,False,non_edge
GNRH1,GNRH2,43,0.8973399874631917,0.7269707037148897,False,non_edge
GNRH1,GNRHR,86,0.8505678119871415,0.6731166564460588,False,non_edge
GNRH1,GPER1,81,0.8443358136602622,0.7266937669376694,False,non_edge
GNRH1,HSD17B11,81,-0.30754395801945666,0.23387533875338753,False,non_edge
GNRH1,HSD17B12,40,0.14726282876543334,0.27129455909943717,False,non_edge
GNRH1,HSD17B3,80,-0.18041865946458244,0.3582981715893109,False,non_edge
GNRH1,HSD17B8,43,0.9135574362313461,0.687858652974932,False,non_edge
GNRH1,KISS1,64,0.833111961106761,0.7684523809523808,False,non_edge
GNRH1,KIT,17,0.3721416452926993,0.36764705882352944,False,non_edge
GNRH1,LEF1,52,0.910713136614878,0.765047383249381,False,non_edge
GNRH1,LHB,55,0.4743598905484087,0.43340548340548346,False,non_edge
GNRH1,LHCGR,81,0.8255189783490672,0.6701219512195122,False,non_edge
GNRH1,MFSD12,45,-0.22324927838425881,0.5492753623188406,False,non_edge
GNRH1,MITF,78,0.8332227748132321,0.6745280036419277,False,non_edge
GNRH1,MLANA,71,0.795397906520473,0.6262910798122066,False,non_edge
GNRH1,MRAP2,58,0.8515497299347895,0.7014365252699253,False,non_edge
GNRH1,OCA2,49,-0.48396355763433146,0.07795918367346939,False,non_edge
GNRH1,POMC,38,0.3913878889171484,0.6100229784440311,False,non_edge
GNRH1,SHBG,50,0.7304966849313472,0.7749819927971189,False,non_edge
GNRH1,SLC24A5,88,0.8733583403271311,0.6900250079250467,False,non_edge
GNRH1,SLC45A2,85,0.3089885883307635,0.6667187805354701,False,non_edge
GNRH1,SOX10,82,-0.4189238437773976,0.2666819037668289,False,non_edge
GNRH1,SRD5A2,54,0.7927396338079031,0.6552696779111873,False,non_edge
GNRH1,SRD5A3,49,-0.1563909769700278,0.12530612244897957,False,non_edge
GNRH1,STS,84,0.7124806081363908,0.5845702136276197,False,non_edge
GNRH1,TFAP2A,80,0.8460984400685821,0.6685185185185186,False,non_edge
GNRH1,TYRP1,84,0.830981257520722,0.6964057912321554,False,non_edge
GNRH2,GNRHR,47,0.995870300246088,0.9116558741905644,False,non_edge
GNRH2,GPER1,45,0.9954413341230897,0.9180500658761527,False,non_edge
GNRH2,HSD17B11,41,-0.4068608908467984,0.48153310104529634,False,non_edge
GNRH2,HSD17B12,15,0.9187544206864173,0.6892857142857142,False,non_edge
GNRH2,HSD17B3,42,-0.10691290362734288,0.5595170569645895,False,non_edge
GNRH2,HSD17B8,35,0.9999274708920162,0.9873949579831932,False,non_edge
GNRH2,KISS1,33,0.9069524214926333,0.7927807486631017,False,non_edge
GNRH2,LEF1,33,0.9998181895230998,0.9996657754010695,False,non_edge
GNRH2,LHB,35,0.4807747676534301,0.14789915966386555,False,non_edge
GNRH2,LHCGR,47,0.9775355516725509,0.8704902867715079,False,non_edge
GNRH2,MFSD12,25,-0.1873304763342431,0.48,False,non_edge
GNRH2,MITF,40,0.9979742113456799,0.9412757973733584,False,non_edge
GNRH2,MLANA,43,0.9978784928765756,0.9189066747206283,False,non_edge
GNRH2,MRAP2,36,0.9992547781426596,0.9714285714285714,False,non_edge
GNRH2,OCA2,27,-0.597503808757752,0.10683760683760683,False,non_edge
GNRH2,POMC,21,0.4580835184615462,0.7701298701298702,False,non_edge
GNRH2,SHBG,29,0.9965596442210383,0.9147783251231526,False,non_edge
GNRH2,SLC24A5,48,0.9553452120754141,0.7879939209726444,False,non_edge
GNRH2,SLC45A2,47,0.2765951758493025,0.7171600370027753,False,non_edge
GNRH2,SOX10,46,-0.5443336767170363,0.23367252543940795,False,non_edge
GNRH2,SRD5A2,33,0.9991241218324962,0.9538770053475937,False,non_edge
GNRH2,SRD5A3,27,-0.43631998706129316,0.0293040293040293,False,non_edge
GNRH2,STS,46,0.9204361503848575,0.771199506629664,False,non_edge
GNRH2,TFAP2A,45,0.9220788924777028,0.7810276679841895,False,non_edge
GNRH2,TYRP1,46,0.9967130967341373,0.863336416897934,False,non_edge
GNRHR,GPER1,87,0.9868904837786101,0.8610665597433841,False,non_edge
GNRHR,HSD17B11,83,-0.43419312053798165,0.34041392049032365,False,non_edge
GNRHR,HSD17B12,41,0.7748263820744438,0.5986062717770037,False,non_edge
GNRHR,HSD17B3,84,-0.1808175251698737,0.4920319935202997,False,non_edge
GNRHR,HSD17B8,49,0.995577503961972,0.8809183673469386,False,non_edge
GNRHR,KISS1,62,0.8812648263393235,0.7866586084460225,False,non_edge
GNRHR,KIT,17,0.9886881929087673,0.9509803921568628,False,non_edge
GNRHR,LEF1,57,0.9957458998159192,0.9078947368421054,False,non_edge
GNRHR,LHB,60,0.4665076780651612,0.29369269241455964,False,non_edge
GNRHR,LHCGR,86,0.9710058526082007,0.8520496249823104,False,non_edge
GNRHR,MFSD12,51,-0.2776295960192861,0.497737556561086,False,non_edge
GNRHR,MITF,84,0.9796313666046778,0.8625493570922345,False,non_edge
GNRHR,MLANA,75,0.9608343148183744,0.826628733997155,False,non_edge
GNRHR,MRAP2,61,0.991737483896928,0.9096245372818612,False,non_edge
GNRHR,OCA2,55,-0.49992611325928266,0.2438672438672439,False,non_edge
GNRHR,POMC,37,0.3218003915489492,0.719298245614035,False,non_edge
GNRHR,SHBG,48,0.7633150263364131,0.9062092922275294,False,non_edge
GNRHR,SLC24A5,92,0.9551415767881084,0.7950156435429928,False,non_edge
GNRHR,SLC45A2,90,0.4348284958496976,0.7819813145655842,False,non_edge
GNRHR,SOX10,88,-0.4791683656544434,0.3970448381529358,False,non_edge
GNRHR,SRD5A2,57,0.9907948897602729,0.8850790770028519,False,non_edge
GNRHR,SRD5A3,55,-0.23833818087160166,0.0906926406926407,False,non_edge
GNRHR,STS,88,0.8647186346963147,0.7897220950301154,False,non_edge
GNRHR,TFAP2A,85,0.906832959601801,0.7386750048856752,False,non_edge
GNRHR,TYRP1,90,0.9886647192680496,0.8782565748857883,False,non_edge
GPER1,HSD17B11,80,-0.456635048579263,0.3886310360993906,False,non_edge
GPER1,HSD17B12,40,0.7639335294295789,0.6193245778611634,False,non_edge
GPER1,HSD17B3,83,-0.048168453762840444,0.5720372780319886,False,non_edge
GPER1,HSD17B8,47,0.994543984490302,0.8993987049028678,False,non_edge
GPER1,KISS1,62,0.8874092357215988,0.7938606431467352,False,non_edge
GPER1,KIT,15,0.983675368759241,0.95,False,non_edge
GPER1,LEF1,55,0.9931611223156185,0.9274170274170276,False,non_edge
GPER1,LHB,56,0.4753374008122711,0.3030758714969241,False,non_edge
GPER1,LHCGR,83,0.9688770360655738,0.8754670248940011,False,non_edge
GPER1,MFSD12,51,-0.27367863261900627,0.5615384615384615,False,non_edge
GPER1,MITF,82,0.9756031453281792,0.8303022387653596,False,non_edge
GPER1,MLANA,74,0.9657771400808371,0.9064938911514252,False,non_edge
GPER1,MRAP2,59,0.9928054761670972,0.8867913500876683,False,non_edge
GPER1,OCA2,54,-0.5188231127648979,0.2617495711835334,False,non_edge
GPER1,POMC,36,0.2889100864535887,0.6579150579150579,False,non_edge
GPER1,SHBG,45,0.7580168400778462,0.9242424242424241,False,non_edge
GPER1,SLC24A5,92,0.952272695415019,0.7831018910962809,False,non_edge
GPER1,SLC45A2,91,0.38908276853255824,0.792323618410575,False,non_edge
GPER1,SOX10,88,-0.501321140586297,0.41724490155330923,False,non_edge
GPER1,SRD5A2,56,0.9905620065655455,0.8850991114149009,False,non_edge
GPER1,SRD5A3,55,-0.18966390072161624,-0.01796536796536797,False,non_edge
GPER1,STS,86,0.8463186875316457,0.7803858672578895,False,non_edge
GPER1,TFAP2A,82,0.9077745901087382,0.7635202054831793,False,non_edge
GPER1,TYRP1,89,0.9906299460098403,0.9047327204630576,False,non_edge
HSD17B11,HSD17B12,38,0.8175139194370316,0.5833242149031623,False,non_edge
HSD17B11,HSD17B3,78,-0.1352957485687512,0.16569506442924165,False,non_edge
HSD17B11,HSD17B8,42,-0.5532667696581481,0.3528887448342922,False,non_edge
HSD17B11,KISS1,57,-0.4269084481183522,0.21026704692766401,False,non_edge
HSD17B11,KIT,16,-0.1829715351365246,0.7000000000000001,False,non_edge
HSD17B11,LEF1,48,-0.42936459123986004,0.37386018237082064,False,non_edge
HSD17B11,LHB,57,-0.39784337725571245,-0.06267824734249418,False,non_edge
HSD17B11,LHCGR,79,-0.43616415945031745,0.3504625121713729,False,non_edge
HSD17B11,MFSD12,49,0.22738479955779584,0.3201020408163265,False,non_edge
HSD17B11,MITF,76,-0.4109392556772085,0.3876418318523582,False,non_edge
HSD17B11,MLANA,72,-0.4541989895148123,0.3931764100585247,False,non_edge
HSD17B11,MRAP2,56,-0.488634870776467,0.3695146958304853,False,non_edge
HSD17B11,OCA2,50,-0.2105201438300405,-0.009459783913565426,False,non_edge
HSD17B11,POMC,35,-0.014866742346073178,0.37731092436974795,False,non_edge
HSD17B11,SHBG,45,-0.3649991729556934,0.2727272727272727,False,non_edge
HSD17B11,SLC24A5,86,-0.3739217621640762,0.39438652766639937,False,non_edge
HSD17B11,SLC45A2,83,-0.29553524303367024,0.3060115024558163,False,non_edge
HSD17B11,SOX10,81,0.08032757240788928,0.20329719963866305,False,non_edge
HSD17B11,SRD5A2,54,-0.5608882881630323,0.3837240327806365,False,non_edge
HSD17B11,SRD5A3,50,-0.07794942249544298,-0.19452581032412963,False,non_edge
HSD17B11,STS,81,-0.4090948817986134,0.27323848238482384,False,non_edge
HSD17B11,TFAP2A,79,-0.46390650655249704,0.26830574488802333,False,non_edge
HSD17B11,TYRP1,84,-0.3680487899065423,0.4273362356990989,False,non_edge
HSD17B12,HSD17B3,43,0.206825464970586,0.4522802778616732,False,non_edge
HSD17B12,HSD17B8,20,0.9793307627815191,0.5383458646616541,False,non_edge
HSD17B12,KISS1,28,0.16580912710457194,-0.1258894362342638,False,non_edge
HSD17B12,LEF1,21,0.7386071393988057,0.6922077922077923,False,non_edge
HSD17B12,LHB,29,-0.2882830700205692,-0.3660098522167487,False,non_edge
HSD17B12,LHCGR,37,0.910657632465006,0.6735419630156472,False,non_edge
HSD17B12,MFSD12,28,-0.28434355537444944,0.391351943076081,False,non_edge
HSD17B12,MITF,41,0.7321131662196192,0.5391986062717771,False,non_edge
HSD17B12,MLANA,32,0.7617825802594553,0.6352639296187682,False,non_edge
HSD17B12,MRAP2,21,0.9416188406737159,0.8545454545454545,False,non_edge
HSD17B12,OCA2,35,-0.33555439375747964,0.26918767507002805,False,non_edge
HSD17B12,POMC,20,-0.09790223738169787,0.5729323308270676,False,non_edge
HSD17B12,SHBG,20,0.2786871034459357,0.5954887218045113,False,non_edge
HSD17B12,SLC24A5,45,0.5938936491331037,0.5293807641633729,False,non_edge
HSD17B12,SLC45A2,41,0.8063071042991072,0.7357142857142859,False,non_edge
HSD17B12,SOX10,41,-0.4386190815872875,0.4062717770034844,False,non_edge
HSD17B12,SRD5A2,25,0.964062304295664,0.826923076923077,False,non_edge
HSD17B12,SRD5A3,40,-0.40129817237876997,0.042401500938086305,False,non_edge
HSD17B12,STS,42,0.39730475266905074,0.4689247224698161,False,non_edge
HSD17B12,TFAP2A,38,0.05342470680376265,0.08283181967392493,False,non_edge
HSD17B12,TYRP1,42,0.8234295111346778,0.762742079248035,False,non_edge
HSD17B3,HSD17B8,47,0.8670184318631742,0.7050185013876041,False,non_edge
HSD17B3,KISS1,61,-0.08520533368883944,0.4176097303014278,False,non_edge
HSD17B3,KIT,16,0.5180045586056924,0.6558823529411765,False,non_edge
HSD17B3,LEF1,53,-0.13094673192883138,0.659812933397839,False,non_edge
HSD17B3,LHB,59,-0.17117009247041526,0.2207481005260082,False,non_edge
HSD17B3,LHCGR,80,-0.16173714753911908,0.5622831692451946,False,non_edge
HSD17B3,MFSD12,48,0.025602496639512473,0.44072948328267475,False,non_edge
HSD17B3,MITF,81,-0.17913098870744254,0.5469286359530262,False,non_edge
HSD17B3,MLANA,70,-0.06512275242547828,0.6055988102528214,False,non_edge
HSD17B3,MRAP2,56,-0.1086479980290552,0.6197539302802461,False,non_edge
HSD17B3,OCA2,54,-0.36397542063699645,0.11911568515342097,False,non_edge
HSD17B3,POMC,35,-0.1816101935216936,0.1938375350140056,False,non_edge
HSD17B3,SHBG,46,-0.08125416980314631,0.5506629663891458,False,non_edge
HSD17B3,SLC24A5,90,-0.11635990027785247,0.484298473062518,False,non_edge
HSD17B3,SLC45A2,86,-0.17181467304211592,0.5237133827067314,False,non_edge
HSD17B3,SOX10,84,-0.1341851178218722,0.24280652019844084,False,non_edge
HSD17B3,SRD5A2,56,0.5997288689948249,0.7984278879015722,False,non_edge
HSD17B3,SRD5A3,56,-0.07169533999706316,-0.05809979494190021,False,non_edge
HSD17B3,STS,85,-0.17332924420887216,0.46218487394957986,False,non_edge
HSD17B3,TFAP2A,79,-0.06663622620667722,0.5082278481012659,False,non_edge
HSD17B3,TYRP1,86,-0.193588671699452,0.5243549224020001,False,non_edge
HSD17B8,KISS1,38,0.9870569569036931,0.9420067841120472,False,non_edge
HSD17B8,LEF1,37,0.9999044028144712,0.9992887624466572,False,non_edge
HSD17B8,LHB,32,0.5444747192183668,0.39076246334310843,False,non_edge
HSD17B8,LHCGR,50,0.9786857742146069,0.919423769507803,False,non_edge
HSD17B8,MFSD12,26,-0.29099396820319184,0.4721367521367521,False,non_edge
HSD17B8,MITF,42,0.987354693145073,0.8802366096750668,False,non_edge
HSD17B8,MLANA,44,0.9617903744764085,0.8779422128259338,False,non_edge
HSD17B8,MRAP2,35,0.9992619834453256,0.972829131652661,False,non_edge
HSD17B8,OCA2,30,-0.43292479878480206,0.3419354838709677,False,non_edge
HSD17B8,POMC,15,0.992673111372349,0.9035714285714285,False,non_edge
HSD17B8,SHBG,29,0.998332236131623,0.8975369458128076,False,non_edge
HSD17B8,SLC24A5,50,0.9897460725925914,0.8545978391356541,False,non_edge
HSD17B8,SLC45A2,48,0.2615360064427229,0.7031046461137647,False,non_edge
HSD17B8,SOX10,46,-0.5554413575579367,0.2561208757323466,False,non_edge
HSD17B8,SRD5A2,33,0.998718061949224,0.9411764705882354,False,non_edge
HSD17B8,SRD5A3,30,-0.2978817211387407,0.1586206896551724,False,non_edge
HSD17B8,STS,49,0.9143818676745423,0.7016326530612245,False,non_edge
HSD17B8,TFAP2A,47,0.9590914399731669,0.9336262719703978,False,non_edge
HSD17B8,TYRP1,47,0.9954422470780374,0.8463228492136909,False,non_edge
KISS1,LEF1,43,0.917860049955809,0.8708849290244639,False,non_edge
KISS1,LHB,33,0.6262081282136326,0.5294117647058824,False,non_edge
KISS1,LHCGR,64,0.867903588684449,0.7518315018315017,False,non_edge
KISS1,MFSD12,28,-0.1435506641663139,0.5002736726874657,False,non_edge
KISS1,MITF,57,0.8685111627204317,0.7387866217267307,False,non_edge
KISS1,MLANA,52,0.8495226459301334,0.7605224963715529,False,non_edge
KISS1,MRAP2,43,0.8864669721967326,0.8177287828450619,False,non_edge
KISS1,OCA2,36,-0.5672457573696228,0.017503217503217504,False,non_edge
KISS1,POMC,33,0.372443807064267,0.6547459893048129,False,non_edge
KISS1,SHBG,49,0.82029351169975,0.8034693877551019,False,non_edge
KISS1,SLC24A5,67,0.890901679608762,0.8286774682736053,False,non_edge
KISS1,SLC45A2,64,0.29801294416615143,0.6787087912087911,False,non_edge
KISS1,SOX10,62,-0.5062309032191229,0.18410515977940622,False,non_edge
KISS1,SRD5A2,40,0.828492411211172,0.7401500938086305,False,non_edge
KISS1,SRD5A3,37,0.02183303144570508,0.23447131341868183,False,non_edge
KISS1,STS,63,0.7719928713189526,0.6804915514592933,False,non_edge
KISS1,TFAP2A,60,0.9124724875198076,0.8457349263684358,False,non_edge
KISS1,TYRP1,63,0.8797831414937124,0.7795218894009217,False,non_edge
KIT,LHCGR,16,0.9912637629509516,0.9058823529411765,False,non_edge
KIT,MITF,17,0.9925375137933762,0.9779411764705883,False,non_edge
KIT,MLANA,16,0.988301615774939,0.9088235294117648,False,non_edge
KIT,SLC24A5,17,0.6359258905804827,0.6666666666666667,False,non_edge
KIT,SLC45A2,16,0.9921137951153475,0.9235294117647058,False,non_edge
KIT,SOX10,16,-0.5770806445785793,0.5147058823529412,False,non_edge
KIT,STS,17,0.699171542036272,0.8651960784313727,False,non_edge
KIT,TYRP1,17,0.9882967964738714,0.911764705882353,False,non_edge
LEF1,LHB,36,0.5442377410301649,0.4501930501930502,False,non_edge
LEF1,LHCGR,57,0.9791649769205,0.8570780399274048,False,non_edge
LEF1,MFSD12,30,-0.34665580058075796,0.4638487208008899,False,non_edge
LEF1,MITF,50,0.9871892550391956,0.9282593037214885,False,non_edge
LEF1,MLANA,50,0.96172467107181,0.912797118847539,False,non_edge
LEF1,MRAP2,45,0.9990706673632479,0.9824769433465085,False,non_edge
LEF1,OCA2,31,-0.4956709809818678,0.2697580645161291,False,non_edge
LEF1,POMC,21,0.3080629755382378,0.7077922077922078,False,non_edge
LEF1,SHBG,32,0.7344733450101674,0.8669354838709675,False,non_edge
LEF1,SLC24A5,58,0.9873730326088533,0.9040265772555294,False,non_edge
LEF1,SLC45A2,57,0.9908611805811453,0.8837827326938035,False,non_edge
LEF1,SOX10,54,-0.4612719567402004,0.4726129216695254,False,non_edge
LEF1,SRD5A2,38,0.9990688272820868,0.9910274647116752,False,non_edge
LEF1,SRD5A3,34,-0.20515437536229056,0.09732620320855614,False,non_edge
LEF1,STS,54,0.8708741744417143,0.748503906994473,False,non_edge
LEF1,TFAP2A,52,0.9856359859430496,0.9384444634167164,False,non_edge
LEF1,TYRP1,55,0.9943074601798033,0.9283549783549786,False,non_edge
LHB,LHCGR,57,0.47921178071079784,0.39149598133264196,False,non_edge
LHB,MFSD12,42,0.3624666534338388,0.3823839235070092,False,non_edge
LHB,MITF,56,0.47684294404025496,0.3242652084757348,False,non_edge
LHB,MLANA,53,0.5257823974343777,0.4094500886953717,False,non_edge
LHB,MRAP2,40,0.3325099482326547,0.2666041275797374,False,non_edge
LHB,OCA2,41,-0.06353678380851674,0.11080139372822301,False,non_edge
LHB,POMC,19,0.4736392306044112,0.08596491228070174,False,non_edge
LHB,SHBG,29,0.6034852975673389,0.4118226600985221,False,non_edge
LHB,SLC24A5,62,0.48190100399025876,0.3605801918863791,False,non_edge
LHB,SLC45A2,59,0.4819749048070703,0.37106954997077735,False,non_edge
LHB,SOX10,59,-0.3116640939926961,0.1245470485096435,False,non_edge
LHB,SRD5A2,41,0.22706439702306958,0.2212543554006969,False,non_edge
LHB,SRD5A3,38,-0.025420653421721742,0.01214574898785425,False,non_edge
LHB,STS,60,0.42027772209533387,0.30636287857738265,False,non_edge
LHB,TFAP2A,58,0.659245595278285,0.5224091789965856,False,non_edge
LHB,TYRP1,60,0.44484503382041174,0.2918032786885246,False,non_edge
LHCGR,MFSD12,49,-0.26000359895590575,0.555204081632653,False,non_edge
LHCGR,MITF,79,0.9683281683563687,0.8600535540408959,False,non_edge
LHCGR,MLANA,75,0.9399209145537165,0.8183499288762447,False,non_edge
LHCGR,MRAP2,59,0.9760192647513323,0.8897136177673876,False,non_edge
LHCGR,OCA2,53,-0.47385541170478446,0.3313981615868408,False,non_edge
LHCGR,POMC,35,0.3313364134307531,0.6991596638655462,False,non_edge
LHCGR,SHBG,50,0.7391526766802272,0.861128451380552,False,non_edge
LHCGR,SLC24A5,88,0.9356303746062994,0.7881370856961716,False,non_edge
LHCGR,SLC45A2,87,0.401301883167441,0.7976962892760807,False,non_edge
LHCGR,SOX10,84,-0.4700229355202152,0.4289966589045257,False,non_edge
LHCGR,SRD5A2,57,0.9714336469047004,0.8909774436090226,False,non_edge
LHCGR,SRD5A3,51,-0.13819655084016236,0.09891402714932127,False,non_edge
LHCGR,STS,84,0.8488594628125832,0.8024501366811785,False,non_edge
LHCGR,TFAP2A,82,0.8851558599941212,0.7555316115410149,False,non_edge
LHCGR,TYRP1,85,0.9721512564780205,0.8743013484463553,False,non_edge
MFSD12,MITF,49,0.255048566305982,0.767551020408163,False,non_edge
MFSD12,MLANA,45,-0.191265386585624,0.6888010540184453,False,non_edge
MFSD12,MRAP2,33,-0.4402445358789932,0.3512700534759359,False,non_edge
MFSD12,OCA2,39,-0.1937456823106347,-0.05060728744939271,False,non_edge
MFSD12,POMC,24,0.36021306159980593,0.7026086956521739,False,non_edge
MFSD12,SHBG,22,-0.23947484769650046,0.417278373800113,False,non_edge
MFSD12,SLC24A5,53,-0.21556495051431718,0.5456378003547814,False,non_edge
MFSD12,SLC45A2,52,-0.285584022445754,0.5236062494664049,False,non_edge
MFSD12,SOX10,54,-0.18082905771748944,0.008271393177053554,False,non_edge
MFSD12,SRD5A2,35,-0.4943518554672917,0.4596638655462185,False,non_edge
MFSD12,SRD5A3,36,0.17039871114049476,-0.05740025740025741,False,non_edge
MFSD12,STS,51,-0.18847328311339473,0.5652488687782805,False,non_edge
MFSD12,TFAP2A,47,-0.24175439533882723,0.48728029602220163,False,non_edge
MFSD12,TYRP1,54,-0.2507987671532732,0.5628740232513817,False,non_edge
MITF,MLANA,70,0.9863691745434264,0.9110838946723822,True,core
MITF,MRAP2,53,0.9858471461432404,0.9095307208514755,False,non_edge
MITF,OCA2,55,-0.5790982185123961,0.24581529581529588,True,core
MITF,POMC,36,0.3263938475189418,0.6643500643500644,False,non_edge
MITF,SHBG,44,0.7479477579668047,0.8913319238900633,False,non_edge
MITF,SLC24A5,87,0.9408232612332662,0.7916454035138878,False,non_edge
MITF,SLC45A2,84,0.3654906215945729,0.7648071276703453,False,non_edge
MITF,SOX10,83,-0.5396363446132434,0.37622266067755333,True,core
MITF,SRD5A2,51,0.9960003377064799,0.9364705882352942,False,non_edge
MITF,SRD5A3,54,-0.23790676192047291,-0.05027634838955593,False,non_edge
MITF,STS,84,0.8487655783396517,0.7743241875063279,False,non_edge
MITF,TFAP2A,78,0.8815154463910205,0.7573565674831498,False,non_edge
MITF,TYRP1,85,0.9792570723294636,0.8612468243111198,True,core
MLANA,MRAP2,55,0.9556587116482623,0.8880230880230883,False,non_edge
MLANA,OCA2,45,-0.5243670658255908,0.22332015810276679,False,non_edge
MLANA,POMC,32,0.33111779764465554,0.6260997067448679,False,non_edge
MLANA,SHBG,42,0.7425435807393134,0.8609513005429058,False,non_edge
MLANA,SLC24A5,78,0.9260990917364273,0.7580647200900364,False,non_edge
MLANA,SLC45A2,76,0.3359012751796913,0.7797676008202324,False,non_edge
MLANA,SOX10,74,-0.5346530717654139,0.2811255090707145,False,non_edge
MLANA,SRD5A2,55,0.9903987701892033,0.9012265512265515,False,non_edge
MLANA,SRD5A3,46,-0.33112834691671755,-0.12932469935245142,False,non_edge
MLANA,STS,75,0.8703818818578294,0.8123186344238975,False,non_edge
MLANA,TFAP2A,72,0.8759425034937586,0.7666730979484212,False,non_edge
MLANA,TYRP1,76,0.9664756134154462,0.8496787423103213,False,non_edge
MRAP2,OCA2,32,-0.3533740697273211,0.2730938416422287,False,non_edge
MRAP2,POMC,27,0.25518328387418393,0.6434676434676434,False,non_edge
MRAP2,SHBG,34,0.6979345307620748,0.8844919786096257,False,non_edge
MRAP2,SLC24A5,62,0.9554319702774999,0.8261438896023771,False,non_edge
MRAP2,SLC45A2,61,0.270960105259574,0.7982548915917503,False,non_edge
MRAP2,SOX10,59,-0.4109926150526537,0.46014026884862663,False,non_edge
MRAP2,SRD5A2,44,0.9987038081048815,0.9805496828752641,False,non_edge
MRAP2,SRD5A3,33,-0.2135006178762319,0.011029411764705883,False,non_edge
MRAP2,STS,56,0.9199554140871793,0.8411483253588516,False,non_edge
MRAP2,TFAP2A,55,0.9396619434890456,0.8543290043290045,False,non_edge
MRAP2,TYRP1,60,0.9936144742853407,0.9015282022784109,False,non_edge
OCA2,POMC,23,-0.3945809889364737,0.1324110671936759,False,non_edge
OCA2,SHBG,25,-0.42385840845555794,0.18769230769230769,False,non_edge
OCA2,SLC24A5,58,-0.5446163997733993,0.17524377864591348,False,non_edge
OCA2,SLC45A2,55,-0.4640432620984831,0.3278499278499279,False,non_edge
OCA2,SOX10,54,0.30645857043730573,0.31320754716981125,False,non_edge
OCA2,SRD5A2,38,-0.33249886711453747,0.41941131414815624,False,non_edge
OCA2,SRD5A3,38,-0.0966550719390218,-0.056789583105372576,False,non_edge
OCA2,STS,55,-0.41966024245154254,0.2237373737373738,False,non_edge
OCA2,TFAP2A,52,-0.529490953447382,0.060616409118073936,False,non_edge
OCA2,TYRP1,56,-0.493235842585141,0.2822282980177717,False,non_edge
POMC,SHBG,30,0.12049718705173551,0.5666295884315907,False,non_edge
POMC,SLC24A5,40,0.5308141841573409,0.7714821763602253,False,non_edge
POMC,SLC45A2,38,-0.054488506215865845,0.5310208994419521,False,non_edge
POMC,SOX10,38,-0.4212198706922022,0.10252762884341832,False,non_edge
POMC,SRD5A2,25,0.042112625686597044,0.4761538461538461,False,non_edge
POMC,SRD5A3,28,0.23820834953288286,0.2747673782156541,False,non_edge
POMC,STS,36,0.3380222265141722,0.6574002574002574,False,non_edge
POMC,TFAP2A,32,0.3387236045261902,0.6070381231671553,False,non_edge
POMC,TYRP1,39,0.3324625287644681,0.7172064777327936,False,non_edge
SHBG,SLC24A5,50,0.7225734171908451,0.8311644657863144,False,non_edge
SHBG,SLC45A2,48,0.22259823352268102,0.7942900564481111,False,non_edge
SHBG,SOX10,47,-0.38247064451840956,0.376040703052729,False,non_edge
SHBG,SRD5A2,33,0.6454041052234089,0.8793449197860963,False,non_edge
SHBG,SRD5A3,30,-0.24619254990143863,-0.0389321468298109,False,non_edge
SHBG,STS,48,0.7022592613597264,0.7864741641337385,False,non_edge
SHBG,TFAP2A,47,0.7091248623307341,0.7748612395929695,False,non_edge
SHBG,TYRP1,48,0.7434893869647525,0.8862353452019106,False,non_edge
SLC24A5,SLC45A2,94,0.3809205906161843,0.7500993389444786,False,non_edge
SLC24A5,SOX10,92,-0.5105283779100963,0.37616941263505077,False,non_edge
SLC24A5,SRD5A2,59,0.9388967831376508,0.8327293980128581,False,non_edge
SLC24A5,SRD5A3,60,-0.12840353513150393,0.127757710475132,False,non_edge
SLC24A5,STS,92,0.8185831590926544,0.6992124285251915,False,non_edge
SLC24A5,TFAP2A,87,0.9326709386591612,0.8176897280746517,False,non_edge
SLC24A5,TYRP1,94,0.9536078655676894,0.8458259581692735,False,non_edge
SLC45A2,SOX10,90,0.08701137782486588,0.42093262542700743,False,non_edge
SLC45A2,SRD5A2,57,0.9930960032396045,0.8794399792584912,False,non_edge
SLC45A2,SRD5A3,56,-0.2085552151211792,0.07259056732740944,False,non_edge
SLC45A2,STS,89,0.3341197111567157,0.7333163091590059,False,non_edge
SLC45A2,TFAP2A,85,0.3251816608467306,0.650889192886457,False,non_edge
SLC45A2,TYRP1,91,0.3767241392209878,0.8159738811912726,False,non_edge
SOX10,SRD5A2,57,-0.48248910976368486,0.4490536686543946,False,non_edge
SOX10,SRD5A3,56,0.2118156776452787,0.08092959671907042,False,non_edge
SOX10,STS,87,-0.44200500451828467,0.3060618210979077,False,non_edge
SOX10,TFAP2A,82,-0.39446423001514547,0.4296100390722783,False,non_edge
SOX10,TYRP1,90,-0.5271849608853023,0.4226447709593777,True,core
SRD5A2,SRD5A3,35,-0.4805543054848689,-0.16806722689075632,False,non_edge
SRD5A2,STS,55,0.7682465325484128,0.8305916305916307,False,non_edge
SRD5A2,TFAP2A,55,0.8411354971906563,0.7471861471861474,False,non_edge
SRD5A2,TYRP1,57,0.9917551079577289,0.9097096188747733,False,non_edge
SRD5A3,STS,57,-0.29076263730048457,-0.12399533316048743,False,non_edge
SRD5A3,TFAP2A,52,0.031341675193970304,0.17621446256296422,False,non_edge
SRD5A3,TYRP1,56,-0.060732006338298006,0.05557074504442926,False,non_edge
STS,TFAP2A,83,0.783919609610599,0.650455480458419,False,non_edge
STS,TYRP1,89,0.8445633920599407,0.7932924753149473,False,non_edge
TFAP2A,TYRP1,85,0.8986202733917341,0.7875122141880008,False,non_edge
